{"scenes":[{"path":"Assets/Challenge 2/Challenge 2.unity","contentHash":"7179ab237195c1fcdc3b7b18272a973d"}],"inputFiles":[{"path":"Assets/Challenge 2/Challenge 2.unity","contentHash":"7179ab237195c1fcdc3b7b18272a973d"},{"path":"Assets/Challenge 2/Scripts/DetectCollisionsX.cs","contentHash":"e9bb40589586a8d48fdf1c16d475b0d7"},{"path":"Assets/Challenge 2/Scripts/PlayerControllerX.cs","contentHash":"5cc5fb481c3d129322ce58ebcb1a423e"},{"path":"Assets/Challenge 2/Scripts/SpawnManagerX.cs","contentHash":"2aa00d452dbd6b6ef4eca352d7b3cc23"},{"path":"Assets/Challenge 2/Scripts/MoveForwardX.cs","contentHash":"70310a966efa6e0b2be292134a6bf10b"},{"path":"Assets/Challenge 2/Scripts/DestroyOutOfBoundsX.cs","contentHash":"32f3652e045b88d7e860d1db24b6deb7"},{"path":"Assets/Challenge 2/_Source_Files/Materials/Blue.mat","contentHash":"5d7dfe2f637413a7cccbc180b8df07b2"},{"path":"Assets/Challenge 2/_Source_Files/Materials/Green.mat","contentHash":"596a084878b9c24d4e5909042ad03388"},{"path":"Assets/Challenge 2/_Source_Files/Materials/Grey.mat","contentHash":"2c0b7949733b3a05e353393f690ee324"},{"path":"Assets/Challenge 2/_Source_Files/Materials/Red.mat","contentHash":"72d0db09f334e17000c4b1c2013404f7"},{"path":"Assets/Challenge 2/_Source_Files/Materials/White.mat","contentHash":"08a083907af4fcd3943a092795485cc5"},{"path":"Assets/Course Library/Materials/Material_Grass.mat","contentHash":"5e3efb678f80af6e521df5b07b1d58a5"},{"path":"Assets/Course Library/_Source_Files/Materials/SimpleDogs.mat","contentHash":"c8d0efa93f4e2e63fbeefcdb5b1331c6"},{"path":"Assets/Course Library/_Source_Files/Materials/SimpleFarmer_FarmWrangler_Black.mat","contentHash":"3f4773b8c6a2c6955d8decddc7ca57d3"},{"path":"Assets/Course Library/_Source_Files/Materials/SimpleFarmer_Farmer_Black.mat","contentHash":"03c45736e3412d1aa58e6e7dfa0543d7"},{"path":"Assets/Course Library/_Source_Files/Materials/SimpleFarmer_FarmersDaughter_Brown.mat","contentHash":"0806f6653d094fb5365ba1fd7b8cc22a"},{"path":"Assets/Course Library/_Source_Files/Materials/SimpleFarmer_FarmersWife_Black.mat","contentHash":"8c348e3b075e364c56344296bb887843"},{"path":"Assets/Course Library/_Source_Files/Textures/SimpleFarmer_FarmersDaughter_Brown.png","contentHash":"6b9d04b7462b326594d358161270da5b"},{"path":"Assets/Course Library/_Source_Files/Textures/SimpleFarmer_FarmersWife_Black.png","contentHash":"ffafd49f47d511af6cbafd658bbfb49b"},{"path":"Assets/Course Library/_Source_Files/Textures/Texture_Grass.png","contentHash":"9f1dc1e62795350be6a8e00838a773de"},{"path":"Assets/Course Library/_Source_Files/Textures/SimpleFarmer_Farmer_Black.png","contentHash":"17286b4e26b509c7ea3aa5f1a368569f"},{"path":"Assets/Course Library/_Source_Files/Textures/SimpleDogs.png","contentHash":"31bca6bbdd2011105d010ee7f7ab7e32"},{"path":"Assets/Course Library/_Source_Files/Textures/SimpleFarmer_FarmWrangler_Black.png","contentHash":"72714435947ba1c373483edbf07a0330"},{"path":"Assets/Course Library/_Source_Files/FBX/SimpleDogs.fbx","contentHash":"aaa891ce2afc0df7541c1318ac54f699"},{"path":"Assets/Course Library/_Source_Files/FBX/SimpleDogs.fbx","contentHash":"aaa891ce2afc0df7541c1318ac54f699"},{"path":"Assets/Course Library/_Source_Files/FBX/SimpleDogs.fbx","contentHash":"aaa891ce2afc0df7541c1318ac54f699"},{"path":"Assets/Course Library/_Source_Files/FBX/SimpleDogs.fbx","contentHash":"aaa891ce2afc0df7541c1318ac54f699"},{"path":"Assets/Course Library/_Source_Files/FBX/SimpleDogs.fbx","contentHash":"aaa891ce2afc0df7541c1318ac54f699"},{"path":"Assets/Course Library/_Source_Files/FBX/SimpleDogs.fbx","contentHash":"aaa891ce2afc0df7541c1318ac54f699"},{"path":"Assets/Course Library/_Source_Files/FBX/SimpleDogs.fbx","contentHash":"aaa891ce2afc0df7541c1318ac54f699"},{"path":"Assets/Course Library/_Source_Files/FBX/SimpleDogs.fbx","contentHash":"aaa891ce2afc0df7541c1318ac54f699"},{"path":"Assets/Course Library/_Source_Files/FBX/SimpleDogs.fbx","contentHash":"aaa891ce2afc0df7541c1318ac54f699"},{"path":"Assets/Course Library/_Source_Files/FBX/SimpleDogs.fbx","contentHash":"aaa891ce2afc0df7541c1318ac54f699"},{"path":"Assets/Course Library/_Source_Files/FBX/SimpleDogs.fbx","contentHash":"aaa891ce2afc0df7541c1318ac54f699"},{"path":"Assets/Course Library/_Source_Files/FBX/SimpleDogs.fbx","contentHash":"aaa891ce2afc0df7541c1318ac54f699"},{"path":"Assets/Course Library/_Source_Files/FBX/SimpleDogs.fbx","contentHash":"aaa891ce2afc0df7541c1318ac54f699"},{"path":"Assets/Course Library/_Source_Files/FBX/SimpleDogs.fbx","contentHash":"aaa891ce2afc0df7541c1318ac54f699"},{"path":"Assets/Course Library/_Source_Files/FBX/SimpleDogs.fbx","contentHash":"aaa891ce2afc0df7541c1318ac54f699"},{"path":"Assets/Course Library/_Source_Files/FBX/SimpleDogs.fbx","contentHash":"aaa891ce2afc0df7541c1318ac54f699"},{"path":"Assets/Course Library/_Source_Files/FBX/SimpleDogs.fbx","contentHash":"aaa891ce2afc0df7541c1318ac54f699"},{"path":"Assets/Course Library/_Source_Files/FBX/SimpleDogs.fbx","contentHash":"aaa891ce2afc0df7541c1318ac54f699"},{"path":"Assets/Course Library/_Source_Files/FBX/SimpleDogs.fbx","contentHash":"aaa891ce2afc0df7541c1318ac54f699"},{"path":"Assets/Course Library/_Source_Files/FBX/SimpleDogs.fbx","contentHash":"aaa891ce2afc0df7541c1318ac54f699"},{"path":"Assets/Course Library/_Source_Files/FBX/SimpleDogs.fbx","contentHash":"aaa891ce2afc0df7541c1318ac54f699"},{"path":"Assets/Course Library/_Source_Files/FBX/SimpleDogs.fbx","contentHash":"aaa891ce2afc0df7541c1318ac54f699"},{"path":"Assets/Course Library/_Source_Files/FBX/SimpleDogs.fbx","contentHash":"aaa891ce2afc0df7541c1318ac54f699"},{"path":"Assets/Course Library/_Source_Files/FBX/SimpleDogs.fbx","contentHash":"aaa891ce2afc0df7541c1318ac54f699"},{"path":"Assets/Course Library/_Source_Files/FBX/SimpleDogs.fbx","contentHash":"aaa891ce2afc0df7541c1318ac54f699"},{"path":"Assets/Course Library/_Source_Files/FBX/SimpleDogs.fbx","contentHash":"aaa891ce2afc0df7541c1318ac54f699"},{"path":"Assets/Course Library/_Source_Files/FBX/SimpleDogs.fbx","contentHash":"aaa891ce2afc0df7541c1318ac54f699"},{"path":"Assets/Course Library/_Source_Files/FBX/SimpleFarm_Characters.fbx","contentHash":"7bccdc22f0805c649bf9791e96294ab8"},{"path":"Assets/Course Library/_Source_Files/FBX/SimpleDogs.fbx","contentHash":"aaa891ce2afc0df7541c1318ac54f699"},{"path":"Assets/Course Library/_Source_Files/FBX/SimpleFarm_Characters.fbx","contentHash":"7bccdc22f0805c649bf9791e96294ab8"},{"path":"Assets/Course Library/_Source_Files/FBX/SimpleDogs.fbx","contentHash":"aaa891ce2afc0df7541c1318ac54f699"},{"path":"Assets/Course Library/_Source_Files/FBX/SimpleFarm_Characters.fbx","contentHash":"7bccdc22f0805c649bf9791e96294ab8"},{"path":"Assets/Course Library/_Source_Files/FBX/SimpleDogs.fbx","contentHash":"aaa891ce2afc0df7541c1318ac54f699"},{"path":"Assets/Course Library/_Source_Files/FBX/SimpleFarm_Characters.fbx","contentHash":"7bccdc22f0805c649bf9791e96294ab8"},{"path":"Assets/Course Library/_Source_Files/FBX/SimpleDogs.fbx","contentHash":"aaa891ce2afc0df7541c1318ac54f699"},{"path":"Assets/Course Library/_Source_Files/FBX/SimpleDogs.fbx","contentHash":"aaa891ce2afc0df7541c1318ac54f699"},{"path":"Assets/Course Library/_Source_Files/FBX/SimpleDogs.fbx","contentHash":"aaa891ce2afc0df7541c1318ac54f699"},{"path":"Assets/Course Library/_Source_Files/FBX/SimpleDogs.fbx","contentHash":"aaa891ce2afc0df7541c1318ac54f699"},{"path":"Assets/Course Library/_Source_Files/FBX/SimpleDogs.fbx","contentHash":"aaa891ce2afc0df7541c1318ac54f699"},{"path":"Assets/Course Library/_Source_Files/FBX/SimpleDogs.fbx","contentHash":"aaa891ce2afc0df7541c1318ac54f699"},{"path":"Assets/Course Library/_Source_Files/FBX/Animations_Static.fbx","contentHash":"d1ec9476590c4fb13ab325f51b3c9eed"},{"path":"Assets/Course Library/_Source_Files/FBX/Animations.fbx","contentHash":"ffeb6eb52437f3444dd46de0b8240b1d"},{"path":"Assets/Course Library/_Source_Files/FBX/SimpleDogs.fbx","contentHash":"aaa891ce2afc0df7541c1318ac54f699"},{"path":"Assets/Course Library/_Source_Files/FBX/Animations_Static.fbx","contentHash":"d1ec9476590c4fb13ab325f51b3c9eed"},{"path":"Assets/Course Library/_Source_Files/FBX/Animations.fbx","contentHash":"ffeb6eb52437f3444dd46de0b8240b1d"},{"path":"Assets/Course Library/_Source_Files/FBX/SimpleDogs.fbx","contentHash":"aaa891ce2afc0df7541c1318ac54f699"},{"path":"Assets/Course Library/_Source_Files/FBX/Animations.fbx","contentHash":"ffeb6eb52437f3444dd46de0b8240b1d"},{"path":"Assets/Course Library/_Source_Files/FBX/SimpleDogs.fbx","contentHash":"aaa891ce2afc0df7541c1318ac54f699"},{"path":"Assets/Course Library/_Source_Files/FBX/Animations.fbx","contentHash":"ffeb6eb52437f3444dd46de0b8240b1d"},{"path":"Assets/Course Library/_Source_Files/FBX/SimpleDogs.fbx","contentHash":"aaa891ce2afc0df7541c1318ac54f699"},{"path":"Assets/Course Library/_Source_Files/FBX/Animations.fbx","contentHash":"ffeb6eb52437f3444dd46de0b8240b1d"},{"path":"Assets/Course Library/_Source_Files/FBX/SimpleDogs.fbx","contentHash":"aaa891ce2afc0df7541c1318ac54f699"},{"path":"Assets/Course Library/_Source_Files/FBX/Animations.fbx","contentHash":"ffeb6eb52437f3444dd46de0b8240b1d"},{"path":"Assets/Course Library/_Source_Files/FBX/SimpleDogs.fbx","contentHash":"aaa891ce2afc0df7541c1318ac54f699"},{"path":"Assets/Course Library/_Source_Files/FBX/Animations.fbx","contentHash":"ffeb6eb52437f3444dd46de0b8240b1d"},{"path":"Assets/Course Library/_Source_Files/FBX/SimpleDogs.fbx","contentHash":"aaa891ce2afc0df7541c1318ac54f699"},{"path":"Assets/Course Library/_Source_Files/FBX/Animations.fbx","contentHash":"ffeb6eb52437f3444dd46de0b8240b1d"},{"path":"Assets/Course Library/_Source_Files/FBX/Animations.fbx","contentHash":"ffeb6eb52437f3444dd46de0b8240b1d"},{"path":"Assets/Course Library/_Source_Files/FBX/Animations.fbx","contentHash":"ffeb6eb52437f3444dd46de0b8240b1d"},{"path":"Assets/Course Library/_Source_Files/FBX/Animations.fbx","contentHash":"ffeb6eb52437f3444dd46de0b8240b1d"},{"path":"Assets/Course Library/_Source_Files/FBX/Animations.fbx","contentHash":"ffeb6eb52437f3444dd46de0b8240b1d"},{"path":"Assets/Course Library/_Source_Files/FBX/Animations.fbx","contentHash":"ffeb6eb52437f3444dd46de0b8240b1d"},{"path":"Assets/Course Library/_Source_Files/FBX/Animations.fbx","contentHash":"ffeb6eb52437f3444dd46de0b8240b1d"},{"path":"Assets/Course Library/_Source_Files/FBX/Animations.fbx","contentHash":"ffeb6eb52437f3444dd46de0b8240b1d"},{"path":"Assets/Course Library/_Source_Files/FBX/Animations.fbx","contentHash":"ffeb6eb52437f3444dd46de0b8240b1d"},{"path":"Assets/Course Library/_Source_Files/FBX/Animations.fbx","contentHash":"ffeb6eb52437f3444dd46de0b8240b1d"},{"path":"Assets/Course Library/_Source_Files/FBX/Animations.fbx","contentHash":"ffeb6eb52437f3444dd46de0b8240b1d"},{"path":"Assets/Course Library/_Source_Files/FBX/Animations.fbx","contentHash":"ffeb6eb52437f3444dd46de0b8240b1d"},{"path":"Assets/Course Library/_Source_Files/FBX/Animations.fbx","contentHash":"ffeb6eb52437f3444dd46de0b8240b1d"},{"path":"Assets/Course Library/_Source_Files/FBX/Animations.fbx","contentHash":"ffeb6eb52437f3444dd46de0b8240b1d"},{"path":"Assets/Course Library/_Source_Files/FBX/Animations.fbx","contentHash":"ffeb6eb52437f3444dd46de0b8240b1d"},{"path":"Assets/Course Library/_Source_Files/FBX/Animations.fbx","contentHash":"ffeb6eb52437f3444dd46de0b8240b1d"},{"path":"Assets/Course Library/_Source_Files/FBX/Animations.fbx","contentHash":"ffeb6eb52437f3444dd46de0b8240b1d"},{"path":"Assets/Course Library/_Source_Files/FBX/Animations.fbx","contentHash":"ffeb6eb52437f3444dd46de0b8240b1d"},{"path":"Assets/Course Library/_Source_Files/FBX/Animations.fbx","contentHash":"ffeb6eb52437f3444dd46de0b8240b1d"},{"path":"Assets/Course Library/_Source_Files/FBX/Animations.fbx","contentHash":"ffeb6eb52437f3444dd46de0b8240b1d"},{"path":"Assets/Course Library/_Source_Files/FBX/Animations.fbx","contentHash":"ffeb6eb52437f3444dd46de0b8240b1d"},{"path":"Assets/Course Library/_Source_Files/FBX/Animations.fbx","contentHash":"ffeb6eb52437f3444dd46de0b8240b1d"},{"path":"Assets/Course Library/_Source_Files/FBX/Animations.fbx","contentHash":"ffeb6eb52437f3444dd46de0b8240b1d"},{"path":"Assets/Course Library/_Source_Files/FBX/Animations.fbx","contentHash":"ffeb6eb52437f3444dd46de0b8240b1d"},{"path":"Assets/Course Library/_Source_Files/FBX/Animations.fbx","contentHash":"ffeb6eb52437f3444dd46de0b8240b1d"},{"path":"Assets/Course Library/_Source_Files/FBX/Animations.fbx","contentHash":"ffeb6eb52437f3444dd46de0b8240b1d"},{"path":"Assets/Course Library/_Source_Files/FBX/SimpleDogs.fbx","contentHash":"aaa891ce2afc0df7541c1318ac54f699"},{"path":"Assets/Course Library/_Source_Files/FBX/SimpleFarm_Characters.fbx","contentHash":"7bccdc22f0805c649bf9791e96294ab8"},{"path":"Assets/Course Library/_Source_Files/Misc/SD_Animal_Dog.controller","contentHash":"62954854307e3af73b78469f187358ab"},{"path":"Assets/Course Library/_Source_Files/Misc/SimpleCharacter.controller","contentHash":"52c26ce2447c0ddb7386255893a5272f"},{"path":"Assets/Challenge 2/Prefabs/Ball 1.prefab","contentHash":"220dd2e54eaa41f42bcd3ac263bc1beb"},{"path":"Assets/Challenge 2/Prefabs/Ball 2.prefab","contentHash":"286bb4bc159c30afb533fafc915e0765"},{"path":"Assets/Challenge 2/Prefabs/Ball 3.prefab","contentHash":"b0f696083c26e8035214d9156a816374"},{"path":"Assets/Challenge 2/Prefabs/Dog.prefab","contentHash":"a56dbd2d237afad91a971d0311f1f21b"},{"path":"Assets/Challenge 2/Prefabs/Dog.prefab","contentHash":"a56dbd2d237afad91a971d0311f1f21b"},{"path":"Assets/Challenge 2/Prefabs/Dog.prefab","contentHash":"a56dbd2d237afad91a971d0311f1f21b"},{"path":"Assets/Challenge 2/Prefabs/Dog.prefab","contentHash":"a56dbd2d237afad91a971d0311f1f21b"},{"path":"Assets/Challenge 2/Prefabs/Dog.prefab","contentHash":"a56dbd2d237afad91a971d0311f1f21b"},{"path":"Assets/Challenge 2/Prefabs/Dog.prefab","contentHash":"a56dbd2d237afad91a971d0311f1f21b"},{"path":"Assets/Challenge 2/Prefabs/Dog.prefab","contentHash":"a56dbd2d237afad91a971d0311f1f21b"},{"path":"Assets/Challenge 2/Prefabs/Dog.prefab","contentHash":"a56dbd2d237afad91a971d0311f1f21b"},{"path":"Assets/Challenge 2/Prefabs/Dog.prefab","contentHash":"a56dbd2d237afad91a971d0311f1f21b"},{"path":"Assets/Challenge 2/Prefabs/Dog.prefab","contentHash":"a56dbd2d237afad91a971d0311f1f21b"},{"path":"Assets/Challenge 2/Prefabs/Dog.prefab","contentHash":"a56dbd2d237afad91a971d0311f1f21b"},{"path":"Assets/Challenge 2/Prefabs/Dog.prefab","contentHash":"a56dbd2d237afad91a971d0311f1f21b"},{"path":"Assets/Challenge 2/Prefabs/Dog.prefab","contentHash":"a56dbd2d237afad91a971d0311f1f21b"},{"path":"Assets/Challenge 2/Prefabs/Dog.prefab","contentHash":"a56dbd2d237afad91a971d0311f1f21b"},{"path":"Assets/Challenge 2/Prefabs/Dog.prefab","contentHash":"a56dbd2d237afad91a971d0311f1f21b"},{"path":"Assets/Challenge 2/Prefabs/Dog.prefab","contentHash":"a56dbd2d237afad91a971d0311f1f21b"},{"path":"Assets/Challenge 2/Prefabs/Dog.prefab","contentHash":"a56dbd2d237afad91a971d0311f1f21b"},{"path":"Assets/Challenge 2/Prefabs/Dog.prefab","contentHash":"a56dbd2d237afad91a971d0311f1f21b"},{"path":"Assets/Challenge 2/Prefabs/Dog.prefab","contentHash":"a56dbd2d237afad91a971d0311f1f21b"},{"path":"Assets/Challenge 2/Prefabs/Dog.prefab","contentHash":"a56dbd2d237afad91a971d0311f1f21b"},{"path":"Assets/Challenge 2/Prefabs/Dog.prefab","contentHash":"a56dbd2d237afad91a971d0311f1f21b"},{"path":"Assets/Challenge 2/Prefabs/Dog.prefab","contentHash":"a56dbd2d237afad91a971d0311f1f21b"},{"path":"Assets/Challenge 2/Prefabs/Dog.prefab","contentHash":"a56dbd2d237afad91a971d0311f1f21b"},{"path":"Assets/Challenge 2/Prefabs/Dog.prefab","contentHash":"a56dbd2d237afad91a971d0311f1f21b"},{"path":"Assets/Challenge 2/Prefabs/Dog.prefab","contentHash":"a56dbd2d237afad91a971d0311f1f21b"},{"path":"Assets/Challenge 2/Prefabs/Dog.prefab","contentHash":"a56dbd2d237afad91a971d0311f1f21b"},{"path":"Assets/Challenge 2/Prefabs/Dog.prefab","contentHash":"a56dbd2d237afad91a971d0311f1f21b"},{"path":"Assets/Challenge 2/Prefabs/Dog.prefab","contentHash":"a56dbd2d237afad91a971d0311f1f21b"},{"path":"Assets/Challenge 2/Prefabs/Dog.prefab","contentHash":"a56dbd2d237afad91a971d0311f1f21b"},{"path":"Assets/Challenge 2/Prefabs/Dog.prefab","contentHash":"a56dbd2d237afad91a971d0311f1f21b"},{"path":"Assets/Challenge 2/Prefabs/Dog.prefab","contentHash":"a56dbd2d237afad91a971d0311f1f21b"},{"path":"Assets/Challenge 2/Prefabs/Dog.prefab","contentHash":"a56dbd2d237afad91a971d0311f1f21b"},{"path":"Assets/Challenge 2/Prefabs/Dog.prefab","contentHash":"a56dbd2d237afad91a971d0311f1f21b"},{"path":"Assets/Challenge 2/Prefabs/Dog.prefab","contentHash":"a56dbd2d237afad91a971d0311f1f21b"},{"path":"Assets/Challenge 2/Prefabs/Dog.prefab","contentHash":"a56dbd2d237afad91a971d0311f1f21b"},{"path":"Assets/Challenge 2/Prefabs/Dog.prefab","contentHash":"a56dbd2d237afad91a971d0311f1f21b"},{"path":"Assets/Challenge 2/Prefabs/Dog.prefab","contentHash":"a56dbd2d237afad91a971d0311f1f21b"},{"path":"Assets/Challenge 2/Prefabs/Dog.prefab","contentHash":"a56dbd2d237afad91a971d0311f1f21b"},{"path":"Assets/Challenge 2/Prefabs/Dog.prefab","contentHash":"a56dbd2d237afad91a971d0311f1f21b"},{"path":"Assets/Challenge 2/Prefabs/Dog.prefab","contentHash":"a56dbd2d237afad91a971d0311f1f21b"},{"path":"Assets/Challenge 2/Prefabs/Dog.prefab","contentHash":"a56dbd2d237afad91a971d0311f1f21b"},{"path":"Assets/Challenge 2/Prefabs/Dog.prefab","contentHash":"a56dbd2d237afad91a971d0311f1f21b"},{"path":"Assets/Challenge 2/Prefabs/Dog.prefab","contentHash":"a56dbd2d237afad91a971d0311f1f21b"},{"path":"Assets/Challenge 2/Prefabs/Dog.prefab","contentHash":"a56dbd2d237afad91a971d0311f1f21b"},{"path":"Assets/Challenge 2/Prefabs/Dog.prefab","contentHash":"a56dbd2d237afad91a971d0311f1f21b"},{"path":"Assets/Challenge 2/Prefabs/Dog.prefab","contentHash":"a56dbd2d237afad91a971d0311f1f21b"},{"path":"Assets/Challenge 2/Prefabs/Dog.prefab","contentHash":"a56dbd2d237afad91a971d0311f1f21b"},{"path":"Assets/Challenge 2/Prefabs/Dog.prefab","contentHash":"a56dbd2d237afad91a971d0311f1f21b"},{"path":"Assets/Challenge 2/Prefabs/Dog.prefab","contentHash":"a56dbd2d237afad91a971d0311f1f21b"},{"path":"Assets/Challenge 2/Prefabs/Dog.prefab","contentHash":"a56dbd2d237afad91a971d0311f1f21b"},{"path":"Assets/Challenge 2/Prefabs/Dog.prefab","contentHash":"a56dbd2d237afad91a971d0311f1f21b"},{"path":"Assets/Challenge 2/Prefabs/Dog.prefab","contentHash":"a56dbd2d237afad91a971d0311f1f21b"},{"path":"Assets/Challenge 2/Prefabs/Dog.prefab","contentHash":"a56dbd2d237afad91a971d0311f1f21b"},{"path":"Assets/Challenge 2/Prefabs/Dog.prefab","contentHash":"a56dbd2d237afad91a971d0311f1f21b"},{"path":"Assets/Challenge 2/Prefabs/Dog.prefab","contentHash":"a56dbd2d237afad91a971d0311f1f21b"},{"path":"Assets/Challenge 2/Prefabs/Dog.prefab","contentHash":"a56dbd2d237afad91a971d0311f1f21b"},{"path":"Assets/Challenge 2/Prefabs/Dog.prefab","contentHash":"a56dbd2d237afad91a971d0311f1f21b"},{"path":"Assets/Challenge 2/Prefabs/Dog.prefab","contentHash":"a56dbd2d237afad91a971d0311f1f21b"},{"path":"Assets/Challenge 2/Prefabs/Dog.prefab","contentHash":"a56dbd2d237afad91a971d0311f1f21b"},{"path":"Assets/Challenge 2/Prefabs/Dog.prefab","contentHash":"a56dbd2d237afad91a971d0311f1f21b"},{"path":"Assets/Challenge 2/Prefabs/Dog.prefab","contentHash":"a56dbd2d237afad91a971d0311f1f21b"},{"path":"Assets/Challenge 2/Prefabs/Dog.prefab","contentHash":"a56dbd2d237afad91a971d0311f1f21b"},{"path":"Assets/Challenge 2/Prefabs/Dog.prefab","contentHash":"a56dbd2d237afad91a971d0311f1f21b"},{"path":"Assets/Challenge 2/Prefabs/Dog.prefab","contentHash":"a56dbd2d237afad91a971d0311f1f21b"},{"path":"Assets/Challenge 2/Prefabs/Dog.prefab","contentHash":"a56dbd2d237afad91a971d0311f1f21b"},{"path":"Assets/Challenge 2/Prefabs/Dog.prefab","contentHash":"a56dbd2d237afad91a971d0311f1f21b"},{"path":"Assets/Challenge 2/Prefabs/Dog.prefab","contentHash":"a56dbd2d237afad91a971d0311f1f21b"},{"path":"Assets/Challenge 2/Prefabs/Dog.prefab","contentHash":"a56dbd2d237afad91a971d0311f1f21b"},{"path":"Assets/Challenge 2/Prefabs/Dog.prefab","contentHash":"a56dbd2d237afad91a971d0311f1f21b"},{"path":"Assets/Challenge 2/Prefabs/Dog.prefab","contentHash":"a56dbd2d237afad91a971d0311f1f21b"},{"path":"Assets/Challenge 2/Prefabs/Dog.prefab","contentHash":"a56dbd2d237afad91a971d0311f1f21b"},{"path":"Assets/Challenge 2/Prefabs/Dog.prefab","contentHash":"a56dbd2d237afad91a971d0311f1f21b"},{"path":"Assets/Challenge 2/Prefabs/Dog.prefab","contentHash":"a56dbd2d237afad91a971d0311f1f21b"},{"path":"Assets/Challenge 2/Prefabs/Dog.prefab","contentHash":"a56dbd2d237afad91a971d0311f1f21b"},{"path":"Assets/Challenge 2/Prefabs/Dog.prefab","contentHash":"a56dbd2d237afad91a971d0311f1f21b"},{"path":"Assets/Challenge 2/Prefabs/Dog.prefab","contentHash":"a56dbd2d237afad91a971d0311f1f21b"},{"path":"Assets/Challenge 2/Prefabs/Dog.prefab","contentHash":"a56dbd2d237afad91a971d0311f1f21b"},{"path":"Assets/Challenge 2/Prefabs/Dog.prefab","contentHash":"a56dbd2d237afad91a971d0311f1f21b"},{"path":"Assets/Challenge 2/Prefabs/Dog.prefab","contentHash":"a56dbd2d237afad91a971d0311f1f21b"},{"path":"Assets/Challenge 2/Prefabs/Dog.prefab","contentHash":"a56dbd2d237afad91a971d0311f1f21b"},{"path":"Assets/Challenge 2/Prefabs/Dog.prefab","contentHash":"a56dbd2d237afad91a971d0311f1f21b"},{"path":"Assets/Challenge 2/Prefabs/Dog.prefab","contentHash":"a56dbd2d237afad91a971d0311f1f21b"},{"path":"Assets/Challenge 2/Prefabs/Dog.prefab","contentHash":"a56dbd2d237afad91a971d0311f1f21b"},{"path":"Assets/Challenge 2/Prefabs/Dog.prefab","contentHash":"a56dbd2d237afad91a971d0311f1f21b"},{"path":"Assets/Challenge 2/Prefabs/Dog.prefab","contentHash":"a56dbd2d237afad91a971d0311f1f21b"},{"path":"Assets/Challenge 2/Prefabs/Ball 1.prefab","contentHash":"220dd2e54eaa41f42bcd3ac263bc1beb"},{"path":"Assets/Challenge 2/Prefabs/Ball 2.prefab","contentHash":"286bb4bc159c30afb533fafc915e0765"},{"path":"Assets/Challenge 2/Prefabs/Ball 3.prefab","contentHash":"b0f696083c26e8035214d9156a816374"},{"path":"Assets/Challenge 2/Prefabs/Dog.prefab","contentHash":"a56dbd2d237afad91a971d0311f1f21b"},{"path":"Assets/Challenge 2/Prefabs/Dog.prefab","contentHash":"a56dbd2d237afad91a971d0311f1f21b"},{"path":"Assets/Challenge 2/Prefabs/Dog.prefab","contentHash":"a56dbd2d237afad91a971d0311f1f21b"},{"path":"Assets/Challenge 2/Prefabs/Dog.prefab","contentHash":"a56dbd2d237afad91a971d0311f1f21b"},{"path":"Assets/Challenge 2/Prefabs/Dog.prefab","contentHash":"a56dbd2d237afad91a971d0311f1f21b"},{"path":"Assets/Challenge 2/Prefabs/Dog.prefab","contentHash":"a56dbd2d237afad91a971d0311f1f21b"},{"path":"Assets/Challenge 2/Prefabs/Dog.prefab","contentHash":"a56dbd2d237afad91a971d0311f1f21b"},{"path":"Assets/Challenge 2/Prefabs/Dog.prefab","contentHash":"a56dbd2d237afad91a971d0311f1f21b"},{"path":"Assets/Challenge 2/Prefabs/Dog.prefab","contentHash":"a56dbd2d237afad91a971d0311f1f21b"},{"path":"Assets/Challenge 2/Prefabs/Dog.prefab","contentHash":"a56dbd2d237afad91a971d0311f1f21b"},{"path":"Assets/Challenge 2/Prefabs/Dog.prefab","contentHash":"a56dbd2d237afad91a971d0311f1f21b"},{"path":"Assets/Challenge 2/Prefabs/Dog.prefab","contentHash":"a56dbd2d237afad91a971d0311f1f21b"},{"path":"Assets/Challenge 2/Prefabs/Dog.prefab","contentHash":"a56dbd2d237afad91a971d0311f1f21b"},{"path":"Assets/Challenge 2/Prefabs/Dog.prefab","contentHash":"a56dbd2d237afad91a971d0311f1f21b"},{"path":"Assets/Challenge 2/Prefabs/Dog.prefab","contentHash":"a56dbd2d237afad91a971d0311f1f21b"},{"path":"Assets/Challenge 2/Prefabs/Dog.prefab","contentHash":"a56dbd2d237afad91a971d0311f1f21b"},{"path":"Assets/Challenge 2/Prefabs/Dog.prefab","contentHash":"a56dbd2d237afad91a971d0311f1f21b"},{"path":"Assets/Challenge 2/Prefabs/Dog.prefab","contentHash":"a56dbd2d237afad91a971d0311f1f21b"},{"path":"Assets/Challenge 2/Prefabs/Dog.prefab","contentHash":"a56dbd2d237afad91a971d0311f1f21b"},{"path":"Assets/Challenge 2/Prefabs/Dog.prefab","contentHash":"a56dbd2d237afad91a971d0311f1f21b"},{"path":"Assets/Challenge 2/Prefabs/Dog.prefab","contentHash":"a56dbd2d237afad91a971d0311f1f21b"},{"path":"Assets/Challenge 2/Prefabs/Dog.prefab","contentHash":"a56dbd2d237afad91a971d0311f1f21b"},{"path":"Assets/Challenge 2/Prefabs/Dog.prefab","contentHash":"a56dbd2d237afad91a971d0311f1f21b"},{"path":"Assets/Challenge 2/Prefabs/Dog.prefab","contentHash":"a56dbd2d237afad91a971d0311f1f21b"},{"path":"Assets/Challenge 2/Prefabs/Dog.prefab","contentHash":"a56dbd2d237afad91a971d0311f1f21b"},{"path":"Assets/Challenge 2/Prefabs/Dog.prefab","contentHash":"a56dbd2d237afad91a971d0311f1f21b"},{"path":"Assets/Challenge 2/Prefabs/Dog.prefab","contentHash":"a56dbd2d237afad91a971d0311f1f21b"},{"path":"Assets/Challenge 2/Prefabs/Dog.prefab","contentHash":"a56dbd2d237afad91a971d0311f1f21b"},{"path":"Assets/Challenge 2/Prefabs/Dog.prefab","contentHash":"a56dbd2d237afad91a971d0311f1f21b"},{"path":"Assets/Challenge 2/Prefabs/Dog.prefab","contentHash":"a56dbd2d237afad91a971d0311f1f21b"},{"path":"Assets/Challenge 2/Prefabs/Dog.prefab","contentHash":"a56dbd2d237afad91a971d0311f1f21b"},{"path":"Assets/Challenge 2/Prefabs/Dog.prefab","contentHash":"a56dbd2d237afad91a971d0311f1f21b"},{"path":"Assets/Challenge 2/Prefabs/Dog.prefab","contentHash":"a56dbd2d237afad91a971d0311f1f21b"},{"path":"Assets/Challenge 2/Prefabs/Dog.prefab","contentHash":"a56dbd2d237afad91a971d0311f1f21b"},{"path":"Assets/Challenge 2/Prefabs/Dog.prefab","contentHash":"a56dbd2d237afad91a971d0311f1f21b"},{"path":"Assets/Challenge 2/Prefabs/Dog.prefab","contentHash":"a56dbd2d237afad91a971d0311f1f21b"},{"path":"Assets/Challenge 2/Prefabs/Dog.prefab","contentHash":"a56dbd2d237afad91a971d0311f1f21b"},{"path":"Assets/Challenge 2/Prefabs/Dog.prefab","contentHash":"a56dbd2d237afad91a971d0311f1f21b"},{"path":"Assets/Challenge 2/Prefabs/Dog.prefab","contentHash":"a56dbd2d237afad91a971d0311f1f21b"},{"path":"Assets/Challenge 2/Prefabs/Dog.prefab","contentHash":"a56dbd2d237afad91a971d0311f1f21b"},{"path":"Assets/Challenge 2/Prefabs/Dog.prefab","contentHash":"a56dbd2d237afad91a971d0311f1f21b"},{"path":"Assets/Challenge 2/Prefabs/Dog.prefab","contentHash":"a56dbd2d237afad91a971d0311f1f21b"},{"path":"Assets/Challenge 2/Prefabs/Dog.prefab","contentHash":"a56dbd2d237afad91a971d0311f1f21b"},{"path":"Assets/Challenge 2/Prefabs/Dog.prefab","contentHash":"a56dbd2d237afad91a971d0311f1f21b"},{"path":"Assets/Challenge 2/Prefabs/Dog.prefab","contentHash":"a56dbd2d237afad91a971d0311f1f21b"},{"path":"Assets/Challenge 2/Prefabs/Dog.prefab","contentHash":"a56dbd2d237afad91a971d0311f1f21b"},{"path":"Assets/Challenge 2/Prefabs/Dog.prefab","contentHash":"a56dbd2d237afad91a971d0311f1f21b"},{"path":"Assets/Challenge 2/Prefabs/Dog.prefab","contentHash":"a56dbd2d237afad91a971d0311f1f21b"},{"path":"Assets/Challenge 2/Prefabs/Dog.prefab","contentHash":"a56dbd2d237afad91a971d0311f1f21b"},{"path":"Assets/Challenge 2/Prefabs/Dog.prefab","contentHash":"a56dbd2d237afad91a971d0311f1f21b"},{"path":"Assets/Challenge 2/Prefabs/Dog.prefab","contentHash":"a56dbd2d237afad91a971d0311f1f21b"},{"path":"Assets/Challenge 2/Prefabs/Dog.prefab","contentHash":"a56dbd2d237afad91a971d0311f1f21b"},{"path":"Assets/Challenge 2/Prefabs/Dog.prefab","contentHash":"a56dbd2d237afad91a971d0311f1f21b"},{"path":"Assets/Challenge 2/Prefabs/Dog.prefab","contentHash":"a56dbd2d237afad91a971d0311f1f21b"},{"path":"Assets/Challenge 2/Prefabs/Dog.prefab","contentHash":"a56dbd2d237afad91a971d0311f1f21b"},{"path":"Assets/Challenge 2/Prefabs/Dog.prefab","contentHash":"a56dbd2d237afad91a971d0311f1f21b"},{"path":"Assets/Challenge 2/Prefabs/Dog.prefab","contentHash":"a56dbd2d237afad91a971d0311f1f21b"},{"path":"Assets/Challenge 2/Prefabs/Dog.prefab","contentHash":"a56dbd2d237afad91a971d0311f1f21b"},{"path":"Assets/Challenge 2/Prefabs/Dog.prefab","contentHash":"a56dbd2d237afad91a971d0311f1f21b"},{"path":"Assets/Challenge 2/Prefabs/Dog.prefab","contentHash":"a56dbd2d237afad91a971d0311f1f21b"},{"path":"Assets/Challenge 2/Prefabs/Dog.prefab","contentHash":"a56dbd2d237afad91a971d0311f1f21b"},{"path":"Assets/Challenge 2/Prefabs/Dog.prefab","contentHash":"a56dbd2d237afad91a971d0311f1f21b"},{"path":"Assets/Challenge 2/Prefabs/Dog.prefab","contentHash":"a56dbd2d237afad91a971d0311f1f21b"},{"path":"Assets/Challenge 2/Prefabs/Dog.prefab","contentHash":"a56dbd2d237afad91a971d0311f1f21b"},{"path":"Assets/Challenge 2/Prefabs/Dog.prefab","contentHash":"a56dbd2d237afad91a971d0311f1f21b"},{"path":"Assets/Challenge 2/Prefabs/Dog.prefab","contentHash":"a56dbd2d237afad91a971d0311f1f21b"},{"path":"Assets/Challenge 2/Prefabs/Dog.prefab","contentHash":"a56dbd2d237afad91a971d0311f1f21b"},{"path":"Assets/Challenge 2/Prefabs/Dog.prefab","contentHash":"a56dbd2d237afad91a971d0311f1f21b"},{"path":"Assets/Challenge 2/Prefabs/Dog.prefab","contentHash":"a56dbd2d237afad91a971d0311f1f21b"},{"path":"Assets/Challenge 2/Prefabs/Dog.prefab","contentHash":"a56dbd2d237afad91a971d0311f1f21b"},{"path":"Assets/Challenge 2/Prefabs/Dog.prefab","contentHash":"a56dbd2d237afad91a971d0311f1f21b"},{"path":"Assets/Challenge 2/Prefabs/Dog.prefab","contentHash":"a56dbd2d237afad91a971d0311f1f21b"},{"path":"Assets/Challenge 2/Prefabs/Dog.prefab","contentHash":"a56dbd2d237afad91a971d0311f1f21b"},{"path":"Assets/Challenge 2/Prefabs/Dog.prefab","contentHash":"a56dbd2d237afad91a971d0311f1f21b"},{"path":"Assets/Challenge 2/Prefabs/Dog.prefab","contentHash":"a56dbd2d237afad91a971d0311f1f21b"},{"path":"Assets/Challenge 2/Prefabs/Dog.prefab","contentHash":"a56dbd2d237afad91a971d0311f1f21b"},{"path":"Assets/Challenge 2/Prefabs/Dog.prefab","contentHash":"a56dbd2d237afad91a971d0311f1f21b"},{"path":"Assets/Challenge 2/Prefabs/Dog.prefab","contentHash":"a56dbd2d237afad91a971d0311f1f21b"},{"path":"Assets/Challenge 2/Prefabs/Dog.prefab","contentHash":"a56dbd2d237afad91a971d0311f1f21b"},{"path":"Assets/Challenge 2/Prefabs/Dog.prefab","contentHash":"a56dbd2d237afad91a971d0311f1f21b"},{"path":"Assets/Challenge 2/Prefabs/Dog.prefab","contentHash":"a56dbd2d237afad91a971d0311f1f21b"},{"path":"Assets/Challenge 2/Prefabs/Dog.prefab","contentHash":"a56dbd2d237afad91a971d0311f1f21b"},{"path":"Assets/Challenge 2/Prefabs/Dog.prefab","contentHash":"a56dbd2d237afad91a971d0311f1f21b"},{"path":"Assets/Challenge 2/Prefabs/Dog.prefab","contentHash":"a56dbd2d237afad91a971d0311f1f21b"},{"path":"Assets/Challenge 2/Prefabs/Dog.prefab","contentHash":"a56dbd2d237afad91a971d0311f1f21b"},{"path":"Assets/Challenge 2/Prefabs/Ball 1.prefab","contentHash":"220dd2e54eaa41f42bcd3ac263bc1beb"},{"path":"Assets/Challenge 2/Prefabs/Ball 2.prefab","contentHash":"286bb4bc159c30afb533fafc915e0765"},{"path":"Assets/Challenge 2/Prefabs/Ball 3.prefab","contentHash":"b0f696083c26e8035214d9156a816374"},{"path":"Assets/Challenge 2/Prefabs/Ball 1.prefab","contentHash":"220dd2e54eaa41f42bcd3ac263bc1beb"},{"path":"Assets/Challenge 2/Prefabs/Ball 2.prefab","contentHash":"286bb4bc159c30afb533fafc915e0765"},{"path":"Assets/Challenge 2/Prefabs/Ball 3.prefab","contentHash":"b0f696083c26e8035214d9156a816374"},{"path":"Assets/Challenge 2/Prefabs/Ball 2.prefab","contentHash":"286bb4bc159c30afb533fafc915e0765"},{"path":"Assets/Challenge 2/Prefabs/Ball 3.prefab","contentHash":"b0f696083c26e8035214d9156a816374"},{"path":"Assets/Challenge 2/Prefabs/Ball 1.prefab","contentHash":"220dd2e54eaa41f42bcd3ac263bc1beb"},{"path":"Assets/Challenge 2/Prefabs/Dog.prefab","contentHash":"a56dbd2d237afad91a971d0311f1f21b"},{"path":"Assets/Challenge 2/Prefabs/Dog.prefab","contentHash":"a56dbd2d237afad91a971d0311f1f21b"},{"path":"Assets/Challenge 2/Prefabs/Ball 1.prefab","contentHash":"220dd2e54eaa41f42bcd3ac263bc1beb"},{"path":"Assets/Challenge 2/Prefabs/Ball 2.prefab","contentHash":"286bb4bc159c30afb533fafc915e0765"},{"path":"Assets/Challenge 2/Prefabs/Ball 3.prefab","contentHash":"b0f696083c26e8035214d9156a816374"},{"path":"Assets/Challenge 2/Prefabs/Dog.prefab","contentHash":"a56dbd2d237afad91a971d0311f1f21b"},{"path":"Assets/Challenge 2/Prefabs/Dog.prefab","contentHash":"a56dbd2d237afad91a971d0311f1f21b"},{"path":"Assets/Challenge 2/Prefabs/Dog.prefab","contentHash":"a56dbd2d237afad91a971d0311f1f21b"},{"path":"Assets/Challenge 2/Prefabs/Dog.prefab","contentHash":"a56dbd2d237afad91a971d0311f1f21b"},{"path":"Assets/Challenge 2/Prefabs/Dog.prefab","contentHash":"a56dbd2d237afad91a971d0311f1f21b"},{"path":"Assets/Challenge 2/Prefabs/Dog.prefab","contentHash":"a56dbd2d237afad91a971d0311f1f21b"},{"path":"Assets/Challenge 2/Prefabs/Dog.prefab","contentHash":"a56dbd2d237afad91a971d0311f1f21b"},{"path":"Assets/Challenge 2/Prefabs/Dog.prefab","contentHash":"a56dbd2d237afad91a971d0311f1f21b"},{"path":"Assets/Challenge 2/Prefabs/Dog.prefab","contentHash":"a56dbd2d237afad91a971d0311f1f21b"},{"path":"Assets/Challenge 2/Prefabs/Dog.prefab","contentHash":"a56dbd2d237afad91a971d0311f1f21b"},{"path":"Assets/Challenge 2/Prefabs/Dog.prefab","contentHash":"a56dbd2d237afad91a971d0311f1f21b"},{"path":"Assets/Challenge 2/Prefabs/Dog.prefab","contentHash":"a56dbd2d237afad91a971d0311f1f21b"},{"path":"Assets/Challenge 2/Prefabs/Dog.prefab","contentHash":"a56dbd2d237afad91a971d0311f1f21b"},{"path":"Assets/Challenge 2/Prefabs/Dog.prefab","contentHash":"a56dbd2d237afad91a971d0311f1f21b"},{"path":"Assets/Challenge 2/Prefabs/Dog.prefab","contentHash":"a56dbd2d237afad91a971d0311f1f21b"},{"path":"Assets/Challenge 2/Prefabs/Dog.prefab","contentHash":"a56dbd2d237afad91a971d0311f1f21b"},{"path":"Assets/Challenge 2/Prefabs/Dog.prefab","contentHash":"a56dbd2d237afad91a971d0311f1f21b"},{"path":"Assets/Challenge 2/Prefabs/Dog.prefab","contentHash":"a56dbd2d237afad91a971d0311f1f21b"},{"path":"Assets/Challenge 2/Prefabs/Dog.prefab","contentHash":"a56dbd2d237afad91a971d0311f1f21b"},{"path":"Assets/Challenge 2/Prefabs/Dog.prefab","contentHash":"a56dbd2d237afad91a971d0311f1f21b"},{"path":"Assets/Challenge 2/Prefabs/Dog.prefab","contentHash":"a56dbd2d237afad91a971d0311f1f21b"},{"path":"Assets/Challenge 2/Prefabs/Dog.prefab","contentHash":"a56dbd2d237afad91a971d0311f1f21b"},{"path":"Assets/Challenge 2/Prefabs/Dog.prefab","contentHash":"a56dbd2d237afad91a971d0311f1f21b"},{"path":"Assets/Challenge 2/Prefabs/Dog.prefab","contentHash":"a56dbd2d237afad91a971d0311f1f21b"},{"path":"Assets/Challenge 2/Prefabs/Dog.prefab","contentHash":"a56dbd2d237afad91a971d0311f1f21b"},{"path":"Assets/Challenge 2/Prefabs/Dog.prefab","contentHash":"a56dbd2d237afad91a971d0311f1f21b"},{"path":"Assets/Challenge 2/Prefabs/Dog.prefab","contentHash":"a56dbd2d237afad91a971d0311f1f21b"},{"path":"Assets/Challenge 2/Prefabs/Dog.prefab","contentHash":"a56dbd2d237afad91a971d0311f1f21b"},{"path":"Assets/Challenge 2/Prefabs/Dog.prefab","contentHash":"a56dbd2d237afad91a971d0311f1f21b"},{"path":"Assets/Challenge 2/Prefabs/Dog.prefab","contentHash":"a56dbd2d237afad91a971d0311f1f21b"},{"path":"Assets/Challenge 2/Prefabs/Dog.prefab","contentHash":"a56dbd2d237afad91a971d0311f1f21b"},{"path":"Assets/Challenge 2/Prefabs/Dog.prefab","contentHash":"a56dbd2d237afad91a971d0311f1f21b"},{"path":"Assets/Challenge 2/Prefabs/Dog.prefab","contentHash":"a56dbd2d237afad91a971d0311f1f21b"},{"path":"Assets/Challenge 2/Prefabs/Dog.prefab","contentHash":"a56dbd2d237afad91a971d0311f1f21b"},{"path":"Assets/Challenge 2/Prefabs/Dog.prefab","contentHash":"a56dbd2d237afad91a971d0311f1f21b"},{"path":"Assets/Challenge 2/Prefabs/Ball 3.prefab","contentHash":"b0f696083c26e8035214d9156a816374"},{"path":"Assets/Challenge 2/Prefabs/Dog.prefab","contentHash":"a56dbd2d237afad91a971d0311f1f21b"},{"path":"Assets/Challenge 2/Prefabs/Ball 1.prefab","contentHash":"220dd2e54eaa41f42bcd3ac263bc1beb"},{"path":"Assets/Challenge 2/Prefabs/Ball 1.prefab","contentHash":"220dd2e54eaa41f42bcd3ac263bc1beb"},{"path":"Assets/Challenge 2/Prefabs/Ball 2.prefab","contentHash":"286bb4bc159c30afb533fafc915e0765"},{"path":"Assets/Challenge 2/Prefabs/Ball 2.prefab","contentHash":"286bb4bc159c30afb533fafc915e0765"},{"path":"Assets/Challenge 2/Prefabs/Ball 2.prefab","contentHash":"286bb4bc159c30afb533fafc915e0765"},{"path":"Assets/Challenge 2/Prefabs/Ball 1.prefab","contentHash":"220dd2e54eaa41f42bcd3ac263bc1beb"},{"path":"Assets/Challenge 2/Prefabs/Ball 3.prefab","contentHash":"b0f696083c26e8035214d9156a816374"},{"path":"Assets/Challenge 2/Prefabs/Ball 3.prefab","contentHash":"b0f696083c26e8035214d9156a816374"},{"path":"Assets/Challenge 2/Prefabs/Dog.prefab","contentHash":"a56dbd2d237afad91a971d0311f1f21b"},{"path":"ProjectSettings/AudioManager.asset","contentHash":"292f6cd681078f98ae77be02f37bb3f0"},{"path":"ProjectSettings/ClusterInputManager.asset","contentHash":"eaff7db4dd05d8ff0818f60bff250dfd"},{"path":"ProjectSettings/DynamicsManager.asset","contentHash":"629e0c014710a9954fe94cf2b97a0f0d"},{"path":"ProjectSettings/EditorBuildSettings.asset","contentHash":"b5de4bf5af25ca358a735d4bdad31457"},{"path":"ProjectSettings/EditorSettings.asset","contentHash":"833fd8b95bc379c0fa32edbb3836570f"},{"path":"ProjectSettings/GraphicsSettings.asset","contentHash":"1a6efcc7357d78aec34b1ea3df512eae"},{"path":"ProjectSettings/InputManager.asset","contentHash":"a3cfdfd5bc6102f343b4829a8ce79dc0"},{"path":"ProjectSettings/MemorySettings.asset","contentHash":"1a756112cecf39e490a601a9eff03275"},{"path":"ProjectSettings/NavMeshAreas.asset","contentHash":"5fe2fb6b529ee761bb20746a7ab1b241"},{"path":"ProjectSettings/PackageManagerSettings.asset","contentHash":"00000000000000000000000000000000"},{"path":"ProjectSettings/Physics2DSettings.asset","contentHash":"38971527cf446bd70982f05c976f6c26"},{"path":"ProjectSettings/PresetManager.asset","contentHash":"f8e82747b2c0e3f6eee0b9346750641f"},{"path":"ProjectSettings/ProjectSettings.asset","contentHash":"d55d42288da2db3e04910c26a843a21b"},{"path":"ProjectSettings/QualitySettings.asset","contentHash":"501a5b1271de8da946e0d9f62dd70a3d"},{"path":"ProjectSettings/TagManager.asset","contentHash":"27bc3806c41bdb543a74bc55adc72a8f"},{"path":"ProjectSettings/TimeManager.asset","contentHash":"c15cae83774660c90452602a6b058633"},{"path":"ProjectSettings/UnityConnectSettings.asset","contentHash":"7fa144b1a243911758944baf90717efe"},{"path":"ProjectSettings/VersionControlSettings.asset","contentHash":"f699c8df73f04ae7374a667632b35689"},{"path":"ProjectSettings/VFXManager.asset","contentHash":"396c4265c10af43b1b16dd72ffe4ebef"}],"enabledModules":["","","","","","","","","","","","","","","","","","","","","","","","","","","","","","","","","","","","","","","","","","","","","","","","","","","","","","","","","","","","","","","","","","","","","","","","","","","","","","","","","","","","AI","Accessibility","AndroidJNI","Animation","AssetBundle","Audio","Cloth","ContentLoad","Core","CoreEditor","CrashReporting","DSPGraph","DeviceSimulatorEditor","DiagnosticsEditor","Director","EditorToolbar","GI","GameCenter","GraphViewEditor","Grid","HotReload","IMGUI","ImageConversion","Input","InputLegacy","JSONSerialize","Localization","ParticleSystem","PerformanceReporting","Physics","Physics2D","PresetsUIEditor","Profiler","Properties","QuickSearch","RuntimeInitializeOnLoadManagerInitializer","SceneTemplateEditor","SceneView","ScreenCapture","SharedInternals","SpriteMask","SpriteShape","Streaming","Substance","Subsystems","TLS","Terrain","TerrainPhysics","TextCoreFontEngine","TextCoreFontEngineEditor","TextCoreTextEngine","TextCoreTextEngineEditor","TextRendering","Tilemap","UI","UIBuilder","UIElements","UIElementsEditor","UIElementsSamplesEditor","Umbra","UnityAnalytics","UnityAnalyticsCommon","UnityConnect","UnityConnectEditor","UnityCurl","UnityTestProtocol","UnityWebRequest","UnityWebRequestAssetBundle","UnityWebRequestAudio","UnityWebRequestTexture","UnityWebRequestWWW","VFX","VR","Vehicles","Video","WebGL","Wind","XR"],"resourcePaths":[],"buildOptions":0,"unityVersion":"2022.3.46f1"}