{"root":[{"name":"Assembly-CSharp","path":"C:\\Users\\matth\\OneDrive\\Desktop\\Year 2 Labs\\Multi-Media\\CreateWithCodeUnit2\\Challenge 2 B00160049\\Challenge 2 B00160049\\Library\\ScriptAssemblies\\Assembly-CSharp.dll","types":[{"className":"DestroyOutOfBoundsX","fieldInfos":[]},{"className":"DetectCollisionsX","fieldInfos":[]},{"className":"MoveForwardX","fieldInfos":[{"name":"speed","type":"System.Single","flags":{"value__":0},"fixedBufferLength":0,"fixedBufferTypename":null}]},{"className":"PlayerControllerX","fieldInfos":[{"name":"dogPrefab","type":"UnityEngine.GameObject","flags":{"value__":0},"fixedBufferLength":0,"fixedBufferTypename":null},{"name":"fireDelay","type":"System.Single","flags":{"value__":0},"fixedBufferLength":0,"fixedBufferTypename":null}]},{"className":"SpawnManagerX","fieldInfos":[{"name":"ballPrefabs","type":"UnityEngine.GameObject[]","flags":{"value__":0},"fixedBufferLength":0,"fixedBufferTypename":null}]}]}]}
