﻿{"cameraMode":{"drawMode":0,"name":"Shaded","section":"Shading Mode"},"sceneLighting":true,"audioPlay":false,"sceneViewState":{"m_AlwaysRefresh":false,"showFog":true,"showSkybox":true,"showFlares":true,"showImageEffects":true,"showParticleSystems":true,"showVisualEffectGraphs":true,"m_FxEnabled":true},"in2DMode":false,"pivot":{"x":-20.488603591918947,"y":11.35387897491455,"z":-3.954904794692993},"rotation":{"x":-0.12863686680793763,"y":0.015169196762144566,"z":-0.001967895310372114,"w":-0.9915732145309448},"size":19.316936492919923,"orthographic":false}